<?xml version = '1.0' encoding = 'UTF-8'?>
<Diagram class="oracle.dbtools.crest.swingui.relational.DPVRelational" name="Relational_1" id="21214E2A-FA33-2464-60FD-F85EF805FC7D">
<createdBy>Carlos</createdBy>
<modifiedBy>Carlos</modifiedBy>
<createdTime>2024-09-23 23:54:57 UTC</createdTime>
<autoRoute>false</autoRoute>
<boxInbox>true</boxInbox>
<showLegend>false</showLegend>
<showLabels>false</showLabels>
<showRelAttributes>false</showRelAttributes>
<gridEnabled>false</gridEnabled>
<showGrid>false</showGrid>
<diagramColor>-1</diagramColor>
<display>false</display>
<notation>1</notation>
<objectViews>
<OView class="oracle.dbtools.crest.swingui.relational.TVTable" oid="1757C77C-8C4C-EE0F-F8C0-20424D8347D3" otype="Table" vid="D48E9DD2-36EF-E3E3-5B5E-B6AE15C5C590">
<hideElementsInCurrentOnly>false</hideElementsInCurrentOnly>
<bounds x="29" y="45" width="293" height="155"/>
</OView>
<OView class="oracle.dbtools.crest.swingui.relational.TVTable" oid="4AC0AA76-1BA2-B1E1-46BC-CAF77FEDC28B" otype="Table" vid="1296F70F-B5A8-7AF0-71BF-E0BFAD58078E">
<hideElementsInCurrentOnly>false</hideElementsInCurrentOnly>
<bounds x="44" y="315" width="257" height="155"/>
</OView>
<OView class="oracle.dbtools.crest.swingui.relational.TVTable" oid="52C92C28-F8F5-D0E2-681F-93FA905ED72C" otype="Table" vid="AD4D2050-9EAD-A111-3B8A-58D7AFED4665">
<hideElementsInCurrentOnly>false</hideElementsInCurrentOnly>
<bounds x="420" y="47" width="354" height="199"/>
</OView>
<OView class="oracle.dbtools.crest.swingui.relational.TVTable" oid="9545741B-2147-C122-F580-3A04028B2DCA" otype="Table" vid="3F73573F-0F65-3BAD-1D9C-9006106168FF">
<hideElementsInCurrentOnly>false</hideElementsInCurrentOnly>
<bounds x="429" y="315" width="325" height="145"/>
</OView>
</objectViews>
<connectors>
<Connector class="oracle.dbtools.crest.swingui.relational.TVFKRelation" oid="5AC55EE6-2563-3710-7A76-853AC6343E35" otype="FKIndexAssociation" vid_source="3F73573F-0F65-3BAD-1D9C-9006106168FF" vid_target="AD4D2050-9EAD-A111-3B8A-58D7AFED4665">
<hideElementsInCurrentOnly>false</hideElementsInCurrentOnly>
<backgroundColor>-16777216</backgroundColor>
<lineWidth>1</lineWidth>
<points>
<point x="606" y="315"/>
<point x="606" y="246"/>
</points>
</Connector>
<Connector class="oracle.dbtools.crest.swingui.relational.TVFKRelation" oid="6C0E9FA7-930B-1D9D-0E30-25B9E3A3BDC0" otype="FKIndexAssociation" vid_source="D48E9DD2-36EF-E3E3-5B5E-B6AE15C5C590" vid_target="1296F70F-B5A8-7AF0-71BF-E0BFAD58078E">
<hideElementsInCurrentOnly>false</hideElementsInCurrentOnly>
<backgroundColor>-16777216</backgroundColor>
<lineWidth>1</lineWidth>
<points>
<point x="187" y="200"/>
<point x="187" y="315"/>
</points>
</Connector>
<Connector class="oracle.dbtools.crest.swingui.relational.TVFKRelation" oid="E567030E-F459-D51B-3EAF-2D564C91B769" otype="FKIndexAssociation" vid_source="1296F70F-B5A8-7AF0-71BF-E0BFAD58078E" vid_target="3F73573F-0F65-3BAD-1D9C-9006106168FF">
<hideElementsInCurrentOnly>false</hideElementsInCurrentOnly>
<backgroundColor>-16777216</backgroundColor>
<lineWidth>1</lineWidth>
<points>
<point x="301" y="372"/>
<point x="429" y="372"/>
</points>
</Connector>
</connectors>
</Diagram>