<?xml version = '1.0' encoding = 'UTF-8'?>
<Table class="oracle.dbtools.crest.model.design.relational.Table" directorySegmentName="seg_0" id="1757C77C-8C4C-EE0F-F8C0-20424D8347D3" name="REGION">
<createdBy>Carlos</createdBy>
<createdTime>2024-09-23 23:55:23 UTC</createdTime>
<generatorID>8AE5E28E-92C8-2AFF-8109-3F7D72AF4B7F</generatorID>
<ownerDesignName>MuniValdivia</ownerDesignName>
<allowColumnReorder>false</allowColumnReorder>
<existDependencyGenerateInDDl>true</existDependencyGenerateInDDl>
<parsed>true</parsed>
<columns itemClass="oracle.dbtools.crest.model.design.relational.Column">
<Column name="id_region" id="AE1D0845-8509-86B0-C691-85CF7ABF0BDB">
<createdBy>Carlos</createdBy>
<createdTime>2024-09-23 23:55:23 UTC</createdTime>
<generatorID>BB2ED65B-4105-0062-EC29-3F6ACD8814DC</generatorID>
<ownerDesignName>MuniValdivia</ownerDesignName>
<useDomainConstraints>false</useDomainConstraints>
<use>1</use>
<logicalDatatype>LOGDT019</logicalDatatype>
<ownDataTypeParameters>,,</ownDataTypeParameters>
<autoIncrementCycle>false</autoIncrementCycle>
</Column>
<Column name="nombre_region" id="FA2F279D-3F66-0354-5079-8DA70BE90B72">
<createdBy>Carlos</createdBy>
<createdTime>2024-09-23 23:55:23 UTC</createdTime>
<generatorID>5A8F582C-EC4F-D98E-13AE-A954CE81A8A2</generatorID>
<ownerDesignName>MuniValdivia</ownerDesignName>
<useDomainConstraints>false</useDomainConstraints>
<use>1</use>
<logicalDatatype>LOGDT024</logicalDatatype>
<dataTypeSize>50</dataTypeSize>
<ownDataTypeParameters>50,,</ownDataTypeParameters>
<autoIncrementCycle>false</autoIncrementCycle>
</Column>
</columns>
<indexes itemClass="oracle.dbtools.crest.model.design.relational.Index">
<ind_PK_UK id="D592C833-66F1-E14D-D970-CFE6ABDB21D6" name="REGION_PK">
<createdBy>Carlos</createdBy>
<createdTime>2024-09-23 23:55:23 UTC</createdTime>
<generatorID>518A1A34-2614-5EF8-B0E9-CF6AA375C378</generatorID>
<ownerDesignName>MuniValdivia</ownerDesignName>
<pk>true</pk>
<indexState>Primary Constraint</indexState>
<isSurrogateKey>false</isSurrogateKey>
<indexColumnUsage>
<colUsage columnID="AE1D0845-8509-86B0-C691-85CF7ABF0BDB"/>
</indexColumnUsage>
</ind_PK_UK>
</indexes>
</Table>