<?xml version = '1.0' encoding = 'UTF-8'?>
<Table class="oracle.dbtools.crest.model.design.relational.Table" directorySegmentName="seg_0" id="4AC0AA76-1BA2-B1E1-46BC-CAF77FEDC28B" name="CIUDAD">
<createdBy>Carlos</createdBy>
<createdTime>2024-09-23 23:55:23 UTC</createdTime>
<generatorID>0E51771F-12A4-E344-5B5D-ED2CEE4A6472</generatorID>
<ownerDesignName>MuniValdivia</ownerDesignName>
<allowColumnReorder>false</allowColumnReorder>
<existDependencyGenerateInDDl>true</existDependencyGenerateInDDl>
<parsed>true</parsed>
<columns itemClass="oracle.dbtools.crest.model.design.relational.Column">
<Column name="id_ciudad" id="FEFAFDE2-97C5-7E7A-E51C-B03D399647F9">
<createdBy>Carlos</createdBy>
<createdTime>2024-09-23 23:55:23 UTC</createdTime>
<generatorID>945FDA5C-4017-7C43-ECFA-21853A30ACE3</generatorID>
<ownerDesignName>MuniValdivia</ownerDesignName>
<useDomainConstraints>false</useDomainConstraints>
<use>1</use>
<logicalDatatype>LOGDT019</logicalDatatype>
<ownDataTypeParameters>,,</ownDataTypeParameters>
<autoIncrementCycle>false</autoIncrementCycle>
</Column>
<Column name="nombre_ciudad" id="AA74E1DB-0F74-793D-80F0-F2D951647AC0">
<createdBy>Carlos</createdBy>
<createdTime>2024-09-23 23:55:23 UTC</createdTime>
<generatorID>0290E219-6192-3E2D-0894-299D849EAB7C</generatorID>
<ownerDesignName>MuniValdivia</ownerDesignName>
<useDomainConstraints>false</useDomainConstraints>
<use>1</use>
<logicalDatatype>LOGDT024</logicalDatatype>
<dataTypeSize>50</dataTypeSize>
<ownDataTypeParameters>50,,</ownDataTypeParameters>
<autoIncrementCycle>false</autoIncrementCycle>
</Column>
<Column name="REGION_id_region" id="33B7E8D1-51A5-F348-7A3E-78065FB7E0D9">
<createdBy>Carlos</createdBy>
<createdTime>2024-09-23 23:55:23 UTC</createdTime>
<generatorID>68735F3F-8F68-DA44-E9A8-25FA46177FCD</generatorID>
<ownerDesignName>MuniValdivia</ownerDesignName>
<useDomainConstraints>false</useDomainConstraints>
<use>1</use>
<logicalDatatype>LOGDT019</logicalDatatype>
<ownDataTypeParameters>,,</ownDataTypeParameters>
<previousColumn>false</previousColumn>
<autoIncrementCycle>false</autoIncrementCycle>
<associations>
<colAssociation fkAssociation="6C0E9FA7-930B-1D9D-0E30-25B9E3A3BDC0" referredColumn="AE1D0845-8509-86B0-C691-85CF7ABF0BDB"/>
</associations>
</Column>
</columns>
<indexes itemClass="oracle.dbtools.crest.model.design.relational.Index">
<ind_PK_UK id="4C1CB36E-7150-6F4F-027B-19CD363D5347" name="CIUDAD_PK">
<createdBy>Carlos</createdBy>
<createdTime>2024-09-23 23:55:23 UTC</createdTime>
<generatorID>E8884DB1-5BBD-BA42-C01E-7892A4CC0194</generatorID>
<ownerDesignName>MuniValdivia</ownerDesignName>
<pk>true</pk>
<indexState>Primary Constraint</indexState>
<isSurrogateKey>false</isSurrogateKey>
<indexColumnUsage>
<colUsage columnID="FEFAFDE2-97C5-7E7A-E51C-B03D399647F9"/>
</indexColumnUsage>
</ind_PK_UK>
<ind_PK_UK id="0C7565FF-19D1-E02A-A29B-CC0A98D814A7" name="CIUDAD_REGION_FK">
<createdBy>Carlos</createdBy>
<createdTime>2024-09-23 23:55:23 UTC</createdTime>
<generatorID>34AFED99-F654-D026-06BF-D403C0C56B85</generatorID>
<ownerDesignName>MuniValdivia</ownerDesignName>
<indexState>Foreign Key</indexState>
<isSurrogateKey>false</isSurrogateKey>
<indexColumnUsage>
<colUsage columnID="33B7E8D1-51A5-F348-7A3E-78065FB7E0D9"/>
</indexColumnUsage>
</ind_PK_UK>
</indexes>
</Table>