<?xml version = '1.0' encoding = 'UTF-8'?>
<Table class="oracle.dbtools.crest.model.design.relational.Table" directorySegmentName="seg_0" id="52C92C28-F8F5-D0E2-681F-93FA905ED72C" name="EMPLEADO">
<createdBy>Carlos</createdBy>
<createdTime>2024-09-23 23:55:23 UTC</createdTime>
<generatorID>ACFA6417-1FEE-FED9-1C91-554A7AF824D5</generatorID>
<ownerDesignName>MuniValdivia</ownerDesignName>
<allowColumnReorder>false</allowColumnReorder>
<existDependencyGenerateInDDl>true</existDependencyGenerateInDDl>
<parsed>true</parsed>
<columns itemClass="oracle.dbtools.crest.model.design.relational.Column">
<Column name="id_E" id="31C6DDCF-D689-D1B3-25C9-5B83C6D65D0E">
<createdBy>Carlos</createdBy>
<createdTime>2024-09-23 23:55:23 UTC</createdTime>
<generatorID>5FCD2401-1BBC-C3D1-6FCF-0B0D7F7429AA</generatorID>
<ownerDesignName>MuniValdivia</ownerDesignName>
<useDomainConstraints>false</useDomainConstraints>
<use>1</use>
<logicalDatatype>LOGDT019</logicalDatatype>
<ownDataTypeParameters>,,</ownDataTypeParameters>
<autoIncrementCycle>false</autoIncrementCycle>
</Column>
<Column name="rut_E" id="1F4387BF-22D1-A1E7-5E3A-7772C416D88A">
<createdBy>Carlos</createdBy>
<createdTime>2024-09-23 23:55:23 UTC</createdTime>
<generatorID>38569253-F8D5-9DAE-B6C1-7CA808A8C751</generatorID>
<ownerDesignName>MuniValdivia</ownerDesignName>
<useDomainConstraints>false</useDomainConstraints>
<use>1</use>
<logicalDatatype>LOGDT024</logicalDatatype>
<dataTypeSize>10</dataTypeSize>
<ownDataTypeParameters>10,,</ownDataTypeParameters>
<autoIncrementCycle>false</autoIncrementCycle>
</Column>
<Column name="nombre" id="EE1EC4D4-3F57-E675-2C42-51CA5012B820">
<createdBy>Carlos</createdBy>
<createdTime>2024-09-23 23:55:23 UTC</createdTime>
<generatorID>6E5FF27A-98DD-91B5-1F59-55BFF0273286</generatorID>
<ownerDesignName>MuniValdivia</ownerDesignName>
<useDomainConstraints>false</useDomainConstraints>
<use>1</use>
<logicalDatatype>LOGDT024</logicalDatatype>
<dataTypeSize>50</dataTypeSize>
<ownDataTypeParameters>50,,</ownDataTypeParameters>
<autoIncrementCycle>false</autoIncrementCycle>
</Column>
<Column name="telefono" id="C1DBD442-15DF-5A2C-1B19-1C39080E4925">
<createdBy>Carlos</createdBy>
<createdTime>2024-09-23 23:55:23 UTC</createdTime>
<generatorID>C5E56148-978D-599B-224E-AA9E08C5DB44</generatorID>
<ownerDesignName>MuniValdivia</ownerDesignName>
<nullsAllowed>true</nullsAllowed>
<useDomainConstraints>false</useDomainConstraints>
<use>1</use>
<logicalDatatype>LOGDT019</logicalDatatype>
<ownDataTypeParameters>,,</ownDataTypeParameters>
<autoIncrementCycle>false</autoIncrementCycle>
</Column>
<Column name="sueldo" id="254E686E-BF6C-2DA5-4B1B-583A76E39E53">
<createdBy>Carlos</createdBy>
<createdTime>2024-09-23 23:55:23 UTC</createdTime>
<generatorID>F9E66A0A-5AA1-6F03-1CE9-711CC0DEF578</generatorID>
<ownerDesignName>MuniValdivia</ownerDesignName>
<nullsAllowed>true</nullsAllowed>
<useDomainConstraints>false</useDomainConstraints>
<use>1</use>
<logicalDatatype>LOGDT019</logicalDatatype>
<ownDataTypeParameters>,,</ownDataTypeParameters>
<autoIncrementCycle>false</autoIncrementCycle>
</Column>
<Column name="COMUNA_codigo_comuna" id="CC7D341D-683A-5F2B-6AEC-C39BE7125AB2">
<createdBy>Carlos</createdBy>
<createdTime>2024-09-23 23:55:23 UTC</createdTime>
<generatorID>3F325B8E-7666-D92A-AD9D-4588297D3117</generatorID>
<ownerDesignName>MuniValdivia</ownerDesignName>
<useDomainConstraints>false</useDomainConstraints>
<use>1</use>
<logicalDatatype>LOGDT019</logicalDatatype>
<ownDataTypeParameters>,,</ownDataTypeParameters>
<previousColumn>false</previousColumn>
<autoIncrementCycle>false</autoIncrementCycle>
<associations>
<colAssociation fkAssociation="5AC55EE6-2563-3710-7A76-853AC6343E35" referredColumn="FCF5E13B-50FE-AD17-91A9-9AE86CBF9F25"/>
</associations>
</Column>
</columns>
<indexes itemClass="oracle.dbtools.crest.model.design.relational.Index">
<ind_PK_UK id="9D35E74F-E2BA-8C70-1109-1337ECB2C719" name="EMPLEADO_PK">
<createdBy>Carlos</createdBy>
<createdTime>2024-09-23 23:55:23 UTC</createdTime>
<generatorID>9689F423-5977-BD71-B3BE-4DC072593524</generatorID>
<ownerDesignName>MuniValdivia</ownerDesignName>
<pk>true</pk>
<indexState>Primary Constraint</indexState>
<isSurrogateKey>false</isSurrogateKey>
<indexColumnUsage>
<colUsage columnID="31C6DDCF-D689-D1B3-25C9-5B83C6D65D0E"/>
<colUsage columnID="CC7D341D-683A-5F2B-6AEC-C39BE7125AB2"/>
</indexColumnUsage>
</ind_PK_UK>
<ind_PK_UK id="2143CB25-DA7B-4FA0-05BA-77BABD69D41C" name="EMPLEADO_COMUNA_FK">
<createdBy>Carlos</createdBy>
<createdTime>2024-09-23 23:55:23 UTC</createdTime>
<generatorID>004CAEC4-EFA7-71E5-BE51-C734E9913E11</generatorID>
<ownerDesignName>MuniValdivia</ownerDesignName>
<indexState>Foreign Key</indexState>
<isSurrogateKey>false</isSurrogateKey>
<indexColumnUsage>
<colUsage columnID="CC7D341D-683A-5F2B-6AEC-C39BE7125AB2"/>
</indexColumnUsage>
</ind_PK_UK>
</indexes>
</Table>