<?xml version = '1.0' encoding = 'UTF-8'?>
<Table class="oracle.dbtools.crest.model.design.relational.Table" directorySegmentName="seg_0" id="9545741B-2147-C122-F580-3A04028B2DCA" name="COMUNA">
<createdBy>Carlos</createdBy>
<createdTime>2024-09-23 23:55:23 UTC</createdTime>
<generatorID>8CF0688D-2669-2D77-4292-978AAD963837</generatorID>
<ownerDesignName>MuniValdivia</ownerDesignName>
<allowColumnReorder>false</allowColumnReorder>
<existDependencyGenerateInDDl>true</existDependencyGenerateInDDl>
<parsed>true</parsed>
<columns itemClass="oracle.dbtools.crest.model.design.relational.Column">
<Column name="codigo_comuna" id="FCF5E13B-50FE-AD17-91A9-9AE86CBF9F25">
<createdBy>Carlos</createdBy>
<createdTime>2024-09-23 23:55:23 UTC</createdTime>
<generatorID>115C9E46-44BB-F525-408D-6354B4380959</generatorID>
<ownerDesignName>MuniValdivia</ownerDesignName>
<useDomainConstraints>false</useDomainConstraints>
<use>1</use>
<logicalDatatype>LOGDT019</logicalDatatype>
<ownDataTypeParameters>,,</ownDataTypeParameters>
<autoIncrementCycle>false</autoIncrementCycle>
</Column>
<Column name="nombre_comuna" id="2F2F77AA-151D-AC50-B421-0849912827E9">
<createdBy>Carlos</createdBy>
<createdTime>2024-09-23 23:55:23 UTC</createdTime>
<generatorID>2669ED8C-65BB-8055-35EC-67349B9B9800</generatorID>
<ownerDesignName>MuniValdivia</ownerDesignName>
<useDomainConstraints>false</useDomainConstraints>
<use>1</use>
<logicalDatatype>LOGDT024</logicalDatatype>
<dataTypeSize>50</dataTypeSize>
<ownDataTypeParameters>50,,</ownDataTypeParameters>
<autoIncrementCycle>false</autoIncrementCycle>
</Column>
<Column name="CIUDAD_id_ciudad" id="C484DBDC-103A-FC20-2933-B16A1D94BAB0">
<createdBy>Carlos</createdBy>
<createdTime>2024-09-23 23:55:23 UTC</createdTime>
<generatorID>6556AD62-B7E1-DF88-7803-47D332DF3947</generatorID>
<ownerDesignName>MuniValdivia</ownerDesignName>
<useDomainConstraints>false</useDomainConstraints>
<use>1</use>
<logicalDatatype>LOGDT019</logicalDatatype>
<ownDataTypeParameters>,,</ownDataTypeParameters>
<previousColumn>false</previousColumn>
<autoIncrementCycle>false</autoIncrementCycle>
<associations>
<colAssociation fkAssociation="E567030E-F459-D51B-3EAF-2D564C91B769" referredColumn="FEFAFDE2-97C5-7E7A-E51C-B03D399647F9"/>
</associations>
</Column>
</columns>
<indexes itemClass="oracle.dbtools.crest.model.design.relational.Index">
<ind_PK_UK id="727694C9-F854-F09A-8621-367483024372" name="COMUNA_PK">
<createdBy>Carlos</createdBy>
<createdTime>2024-09-23 23:55:23 UTC</createdTime>
<generatorID>577731DC-4E15-B4E6-E48F-A36C95ED6127</generatorID>
<ownerDesignName>MuniValdivia</ownerDesignName>
<pk>true</pk>
<indexState>Primary Constraint</indexState>
<isSurrogateKey>false</isSurrogateKey>
<indexColumnUsage>
<colUsage columnID="FCF5E13B-50FE-AD17-91A9-9AE86CBF9F25"/>
</indexColumnUsage>
</ind_PK_UK>
<ind_PK_UK id="25AB8C25-5170-D73E-FA08-9557BE8E060B" name="COMUNA_CIUDAD_FK">
<createdBy>Carlos</createdBy>
<createdTime>2024-09-23 23:55:23 UTC</createdTime>
<generatorID>68364D13-6304-101B-3B44-B3CF575AD6FD</generatorID>
<ownerDesignName>MuniValdivia</ownerDesignName>
<indexState>Foreign Key</indexState>
<isSurrogateKey>false</isSurrogateKey>
<indexColumnUsage>
<colUsage columnID="C484DBDC-103A-FC20-2933-B16A1D94BAB0"/>
</indexColumnUsage>
</ind_PK_UK>
</indexes>
</Table>