<?xml version = '1.0' encoding = 'UTF-8'?>
<FKIndexAssociation class="oracle.dbtools.crest.model.design.relational.FKIndexAssociation" directorySegmentName="seg_0" id="5AC55EE6-2563-3710-7A76-853AC6343E35" containerWithKeyObject="52C92C28-F8F5-D0E2-681F-93FA905ED72C" localFKIndex="2143CB25-DA7B-4FA0-05BA-77BABD69D41C" name="EMPLEADO_COMUNA_FK">
<createdBy>Carlos</createdBy>
<createdTime>2024-09-23 23:55:23 UTC</createdTime>
<generatorID>004CAEC4-EFA7-71E5-BE51-C734E9913E11</generatorID>
<ownerDesignName>MuniValdivia</ownerDesignName>
<referredTableLongName>COMUNA</referredTableLongName>
<deleteRule>NO ACTION</deleteRule>
<referredTableID>9545741B-2147-C122-F580-3A04028B2DCA</referredTableID>
<keyObject>727694C9-F854-F09A-8621-367483024372</keyObject>
<referredKeyID>727694C9-F854-F09A-8621-367483024372</referredKeyID>
<mandatory>true</mandatory>
<refColNames>codigo_comuna</refColNames>
<transferable>true</transferable>
<rely>false</rely>
<columnDependencyConstraintGenerateInDDL>true</columnDependencyConstraintGenerateInDDL>
</FKIndexAssociation>