<?xml version = '1.0' encoding = 'UTF-8'?>
<FKIndexAssociation class="oracle.dbtools.crest.model.design.relational.FKIndexAssociation" directorySegmentName="seg_0" id="6C0E9FA7-930B-1D9D-0E30-25B9E3A3BDC0" containerWithKeyObject="4AC0AA76-1BA2-B1E1-46BC-CAF77FEDC28B" localFKIndex="0C7565FF-19D1-E02A-A29B-CC0A98D814A7" name="CIUDAD_REGION_FK">
<createdBy>Carlos</createdBy>
<createdTime>2024-09-23 23:55:23 UTC</createdTime>
<generatorID>34AFED99-F654-D026-06BF-D403C0C56B85</generatorID>
<ownerDesignName>MuniValdivia</ownerDesignName>
<referredTableLongName>REGION</referredTableLongName>
<deleteRule>NO ACTION</deleteRule>
<referredTableID>1757C77C-8C4C-EE0F-F8C0-20424D8347D3</referredTableID>
<keyObject>D592C833-66F1-E14D-D970-CFE6ABDB21D6</keyObject>
<referredKeyID>D592C833-66F1-E14D-D970-CFE6ABDB21D6</referredKeyID>
<mandatory>true</mandatory>
<refColNames>id_region</refColNames>
<transferable>true</transferable>
<rely>false</rely>
<columnDependencyConstraintGenerateInDDL>true</columnDependencyConstraintGenerateInDDL>
</FKIndexAssociation>