<?xml version = '1.0' encoding = 'UTF-8'?>
<FKIndexAssociation class="oracle.dbtools.crest.model.design.relational.FKIndexAssociation" directorySegmentName="seg_0" id="E567030E-F459-D51B-3EAF-2D564C91B769" containerWithKeyObject="9545741B-2147-C122-F580-3A04028B2DCA" localFKIndex="25AB8C25-5170-D73E-FA08-9557BE8E060B" name="COMUNA_CIUDAD_FK">
<createdBy>Carlos</createdBy>
<createdTime>2024-09-23 23:55:23 UTC</createdTime>
<generatorID>68364D13-6304-101B-3B44-B3CF575AD6FD</generatorID>
<ownerDesignName>MuniValdivia</ownerDesignName>
<referredTableLongName>CIUDAD</referredTableLongName>
<deleteRule>NO ACTION</deleteRule>
<referredTableID>4AC0AA76-1BA2-B1E1-46BC-CAF77FEDC28B</referredTableID>
<keyObject>4C1CB36E-7150-6F4F-027B-19CD363D5347</keyObject>
<referredKeyID>4C1CB36E-7150-6F4F-027B-19CD363D5347</referredKeyID>
<mandatory>true</mandatory>
<refColNames>id_ciudad</refColNames>
<transferable>true</transferable>
<rely>false</rely>
<columnDependencyConstraintGenerateInDDL>true</columnDependencyConstraintGenerateInDDL>
</FKIndexAssociation>