<?xml version = '1.0' encoding = 'UTF-8'?>
<Relation class="oracle.dbtools.crest.model.design.logical.Relation" name="Relation_5" directorySegmentName="seg_0" id="004CAEC4-EFA7-71E5-BE51-C734E9913E11">
<createdBy>Carlos</createdBy>
<createdTime>2024-09-23 23:50:45 UTC</createdTime>
<ownerDesignName>MuniValdivia</ownerDesignName>
<engineerTo>
<item key="BBC663D7-6BE2-3EE4-E452-9C575BFF5412" value="true"/>
</engineerTo>
<sourcePk>577731DC-4E15-B4E6-E48F-A36C95ED6127</sourcePk>
<identifying>true</identifying>
<nameOnSource>tiene</nameOnSource>
<optionalSource>false</optionalSource>
<optionalTarget>false</optionalTarget>
<sourceCardinality>1</sourceCardinality>
<sourceEntity>8CF0688D-2669-2D77-4292-978AAD963837</sourceEntity>
<targetCardinalityString>*</targetCardinalityString>
<targetEntity>ACFA6417-1FEE-FED9-1C91-554A7AF824D5</targetEntity>
<transferable>true</transferable>
<deleteRule>NO ACTION</deleteRule>
</Relation>