<?xml version = '1.0' encoding = 'UTF-8'?>
<Relation class="oracle.dbtools.crest.model.design.logical.Relation" name="Relation_2" directorySegmentName="seg_0" id="34AFED99-F654-D026-06BF-D403C0C56B85">
<createdBy>Carlos</createdBy>
<createdTime>2024-09-23 23:45:44 UTC</createdTime>
<ownerDesignName>MuniValdivia</ownerDesignName>
<engineerTo>
<item key="BBC663D7-6BE2-3EE4-E452-9C575BFF5412" value="true"/>
</engineerTo>
<sourcePk>518A1A34-2614-5EF8-B0E9-CF6AA375C378</sourcePk>
<identifying>false</identifying>
<optionalSource>false</optionalSource>
<optionalTarget>false</optionalTarget>
<sourceCardinality>1</sourceCardinality>
<sourceEntity>8AE5E28E-92C8-2AFF-8109-3F7D72AF4B7F</sourceEntity>
<targetCardinalityString>*</targetCardinalityString>
<targetEntity>0E51771F-12A4-E344-5B5D-ED2CEE4A6472</targetEntity>
<transferable>true</transferable>
<deleteRule>NO ACTION</deleteRule>
</Relation>