<?xml version = '1.0' encoding = 'UTF-8'?>
<Relation class="oracle.dbtools.crest.model.design.logical.Relation" name="Relation_7" directorySegmentName="seg_0" id="68364D13-6304-101B-3B44-B3CF575AD6FD">
<createdBy>Carlos</createdBy>
<createdTime>2024-09-23 23:52:58 UTC</createdTime>
<ownerDesignName>MuniValdivia</ownerDesignName>
<engineerTo>
<item key="BBC663D7-6BE2-3EE4-E452-9C575BFF5412" value="true"/>
</engineerTo>
<sourcePk>E8884DB1-5BBD-BA42-C01E-7892A4CC0194</sourcePk>
<identifying>false</identifying>
<optionalSource>false</optionalSource>
<optionalTarget>false</optionalTarget>
<sourceCardinality>1</sourceCardinality>
<sourceEntity>0E51771F-12A4-E344-5B5D-ED2CEE4A6472</sourceEntity>
<targetCardinalityString>*</targetCardinalityString>
<targetEntity>8CF0688D-2669-2D77-4292-978AAD963837</targetEntity>
<transferable>true</transferable>
<deleteRule>NO ACTION</deleteRule>
</Relation>