<?xml version = '1.0' encoding = 'UTF-8'?>
<Diagram class="oracle.dbtools.crest.swingui.logical.DPVLogical" name="Logical" id="30A1D3E8-1F57-A435-B4F3-4D61CB2C107B">
<createdBy>Carlos</createdBy>
<modifiedBy>Carlos</modifiedBy>
<createdTime>2024-09-23 23:38:34 UTC</createdTime>
<autoRoute>false</autoRoute>
<boxInbox>true</boxInbox>
<showLegend>false</showLegend>
<showLabels>false</showLabels>
<showRelAttributes>false</showRelAttributes>
<gridEnabled>false</gridEnabled>
<showGrid>false</showGrid>
<diagramColor>-1</diagramColor>
<display>false</display>
<notation>1</notation>
<objectViews>
<OView class="oracle.dbtools.crest.swingui.logical.TVEntity" oid="0E51771F-12A4-E344-5B5D-ED2CEE4A6472" otype="Entity" vid="2EAA3000-1973-2E08-4FF4-2BA491E3E474">
<hideElementsInCurrentOnly>false</hideElementsInCurrentOnly>
<bounds x="44" y="315" width="257" height="155"/>
</OView>
<OView class="oracle.dbtools.crest.swingui.logical.TVEntity" oid="8AE5E28E-92C8-2AFF-8109-3F7D72AF4B7F" otype="Entity" vid="CC77A1E7-D8D5-BC7A-05EC-853FAD1316BF">
<hideElementsInCurrentOnly>false</hideElementsInCurrentOnly>
<bounds x="29" y="45" width="293" height="155"/>
</OView>
<OView class="oracle.dbtools.crest.swingui.logical.TVEntity" oid="8CF0688D-2669-2D77-4292-978AAD963837" otype="Entity" vid="0F0F7862-49E6-8947-5B87-BE9B95E59FEB">
<hideElementsInCurrentOnly>false</hideElementsInCurrentOnly>
<bounds x="429" y="315" width="325" height="145"/>
</OView>
<OView class="oracle.dbtools.crest.swingui.logical.TVEntity" oid="ACFA6417-1FEE-FED9-1C91-554A7AF824D5" otype="Entity" vid="342BD157-B9A5-29A7-823B-9264E85801D6">
<hideElementsInCurrentOnly>false</hideElementsInCurrentOnly>
<bounds x="420" y="47" width="354" height="199"/>
</OView>
</objectViews>
<connectors>
<Connector class="oracle.dbtools.crest.swingui.logical.TVRelation" oid="004CAEC4-EFA7-71E5-BE51-C734E9913E11" otype="Relation" vid_source="0F0F7862-49E6-8947-5B87-BE9B95E59FEB" vid_target="342BD157-B9A5-29A7-823B-9264E85801D6">
<hideElementsInCurrentOnly>false</hideElementsInCurrentOnly>
<backgroundColor>-16777216</backgroundColor>
<lineWidth>1</lineWidth>
<points>
<point x="606" y="315"/>
<point x="606" y="246"/>
</points>
</Connector>
<Connector class="oracle.dbtools.crest.swingui.logical.TVRelation" oid="34AFED99-F654-D026-06BF-D403C0C56B85" otype="Relation" vid_source="CC77A1E7-D8D5-BC7A-05EC-853FAD1316BF" vid_target="2EAA3000-1973-2E08-4FF4-2BA491E3E474">
<hideElementsInCurrentOnly>false</hideElementsInCurrentOnly>
<backgroundColor>-16777216</backgroundColor>
<lineWidth>1</lineWidth>
<points>
<point x="187" y="200"/>
<point x="187" y="315"/>
</points>
</Connector>
<Connector class="oracle.dbtools.crest.swingui.logical.TVRelation" oid="68364D13-6304-101B-3B44-B3CF575AD6FD" otype="Relation" vid_source="2EAA3000-1973-2E08-4FF4-2BA491E3E474" vid_target="0F0F7862-49E6-8947-5B87-BE9B95E59FEB">
<hideElementsInCurrentOnly>false</hideElementsInCurrentOnly>
<backgroundColor>-16777216</backgroundColor>
<lineWidth>1</lineWidth>
<points>
<point x="301" y="372"/>
<point x="429" y="372"/>
</points>
</Connector>
</connectors>
</Diagram>