<?xml version = '1.0' encoding = 'UTF-8'?>
<Entity class="oracle.dbtools.crest.model.design.logical.Entity" directorySegmentName="seg_0" id="0E51771F-12A4-E344-5B5D-ED2CEE4A6472" name="CIUDAD">
<createdBy>Carlos</createdBy>
<createdTime>2024-09-23 23:39:29 UTC</createdTime>
<ownerDesignName>MuniValdivia</ownerDesignName>
<engineerTo>
<item key="FB7CA85C-1032-BEC9-A3A9-90D13CC06BB3" value="true"/>
</engineerTo>
<adequatelyNormalized>NO</adequatelyNormalized>
<expectedVolumes>0</expectedVolumes>
<fwdEngineeringStrategyName>Single Table</fwdEngineeringStrategyName>
<growthPercent>0</growthPercent>
<growthType>Year</growthType>
<maxVolumes>9999999</maxVolumes>
<minVolumes>0</minVolumes>
<normalForm>Third</normalForm>
<attributes itemClass="oracle.dbtools.crest.model.design.logical.Attribute">
<Attribute name="id_ciudad" id="945FDA5C-4017-7C43-ECFA-21853A30ACE3">
<createdBy>Carlos</createdBy>
<createdTime>2024-09-23 23:43:15 UTC</createdTime>
<ownerDesignName>MuniValdivia</ownerDesignName>
<engineerTo>
<item key="FB7CA85C-1032-BEC9-A3A9-90D13CC06BB3" value="true"/>
</engineerTo>
<useDomainConstraints>false</useDomainConstraints>
<use>1</use>
<logicalDatatype>LOGDT019</logicalDatatype>
<ownDataTypeParameters>,,</ownDataTypeParameters>
</Attribute>
<Attribute name="nombre_ciudad" id="0290E219-6192-3E2D-0894-299D849EAB7C">
<createdBy>Carlos</createdBy>
<createdTime>2024-09-23 23:43:15 UTC</createdTime>
<ownerDesignName>MuniValdivia</ownerDesignName>
<engineerTo>
<item key="FB7CA85C-1032-BEC9-A3A9-90D13CC06BB3" value="true"/>
</engineerTo>
<useDomainConstraints>false</useDomainConstraints>
<use>1</use>
<logicalDatatype>LOGDT024</logicalDatatype>
<dataTypeSize>50</dataTypeSize>
<ownDataTypeParameters>50,,</ownDataTypeParameters>
</Attribute>
<Attribute name="id_region" id="68735F3F-8F68-DA44-E9A8-25FA46177FCD">
<createdBy>Carlos</createdBy>
<createdTime>2024-09-23 23:45:44 UTC</createdTime>
<generatorID>34AFED99-F654-D026-06BF-D403C0C56B85</generatorID>
<ownerDesignName>MuniValdivia</ownerDesignName>
<engineerTo>
<item key="FB7CA85C-1032-BEC9-A3A9-90D13CC06BB3" value="true"/>
</engineerTo>
<referedAttribute>BB2ED65B-4105-0062-EC29-3F6ACD8814DC</referedAttribute>
<useDomainConstraints>false</useDomainConstraints>
<use>1</use>
<logicalDatatype>LOGDT019</logicalDatatype>
<ownDataTypeParameters>,,</ownDataTypeParameters>
</Attribute>
</attributes>
<identifiers itemClass="oracle.dbtools.crest.model.design.logical.CandidateKey">
<identifier id="E8884DB1-5BBD-BA42-C01E-7892A4CC0194" name="CIUDAD PK">
<createdBy>Carlos</createdBy>
<createdTime>2024-09-23 23:43:22 UTC</createdTime>
<ownerDesignName>MuniValdivia</ownerDesignName>
<shouldEngineer>false</shouldEngineer>
<engineerTo>
<item key="FB7CA85C-1032-BEC9-A3A9-90D13CC06BB3" value="false"/>
</engineerTo>
<pk>true</pk>
<usedAttributes>
<attributeRef>945FDA5C-4017-7C43-ECFA-21853A30ACE3</attributeRef>
</usedAttributes>
</identifier>
</identifiers>
</Entity>