<?xml version = '1.0' encoding = 'UTF-8'?>
<Entity class="oracle.dbtools.crest.model.design.logical.Entity" directorySegmentName="seg_0" id="8AE5E28E-92C8-2AFF-8109-3F7D72AF4B7F" name="REGION">
<createdBy>Carlos</createdBy>
<createdTime>2024-09-23 23:38:56 UTC</createdTime>
<ownerDesignName>MuniValdivia</ownerDesignName>
<engineerTo>
<item key="BBC663D7-6BE2-3EE4-E452-9C575BFF5412" value="true"/>
</engineerTo>
<adequatelyNormalized>NO</adequatelyNormalized>
<expectedVolumes>0</expectedVolumes>
<fwdEngineeringStrategyName>Single Table</fwdEngineeringStrategyName>
<growthPercent>0</growthPercent>
<growthType>Year</growthType>
<maxVolumes>9999999</maxVolumes>
<minVolumes>0</minVolumes>
<normalForm>Third</normalForm>
<attributes itemClass="oracle.dbtools.crest.model.design.logical.Attribute">
<Attribute name="id_region" id="BB2ED65B-4105-0062-EC29-3F6ACD8814DC">
<createdBy>Carlos</createdBy>
<createdTime>2024-09-23 23:39:43 UTC</createdTime>
<ownerDesignName>MuniValdivia</ownerDesignName>
<engineerTo>
<item key="BBC663D7-6BE2-3EE4-E452-9C575BFF5412" value="true"/>
</engineerTo>
<useDomainConstraints>false</useDomainConstraints>
<use>1</use>
<logicalDatatype>LOGDT019</logicalDatatype>
<ownDataTypeParameters>,,</ownDataTypeParameters>
</Attribute>
<Attribute name="nombre_region" id="5A8F582C-EC4F-D98E-13AE-A954CE81A8A2">
<createdBy>Carlos</createdBy>
<createdTime>2024-09-23 23:39:43 UTC</createdTime>
<ownerDesignName>MuniValdivia</ownerDesignName>
<engineerTo>
<item key="BBC663D7-6BE2-3EE4-E452-9C575BFF5412" value="true"/>
</engineerTo>
<useDomainConstraints>false</useDomainConstraints>
<use>1</use>
<logicalDatatype>LOGDT024</logicalDatatype>
<dataTypeSize>50</dataTypeSize>
<ownDataTypeParameters>50,,</ownDataTypeParameters>
</Attribute>
</attributes>
<identifiers itemClass="oracle.dbtools.crest.model.design.logical.CandidateKey">
<identifier id="518A1A34-2614-5EF8-B0E9-CF6AA375C378" name="REGION PK">
<createdBy>Carlos</createdBy>
<createdTime>2024-09-23 23:40:21 UTC</createdTime>
<ownerDesignName>MuniValdivia</ownerDesignName>
<shouldEngineer>false</shouldEngineer>
<engineerTo>
<item key="BBC663D7-6BE2-3EE4-E452-9C575BFF5412" value="false"/>
</engineerTo>
<pk>true</pk>
<usedAttributes>
<attributeRef>BB2ED65B-4105-0062-EC29-3F6ACD8814DC</attributeRef>
</usedAttributes>
</identifier>
</identifiers>
</Entity>