<?xml version = '1.0' encoding = 'UTF-8'?>
<Entity class="oracle.dbtools.crest.model.design.logical.Entity" directorySegmentName="seg_0" id="8CF0688D-2669-2D77-4292-978AAD963837" name="COMUNA">
<createdBy>Carlos</createdBy>
<createdTime>2024-09-23 23:39:15 UTC</createdTime>
<ownerDesignName>MuniValdivia</ownerDesignName>
<engineerTo>
<item key="BBC663D7-6BE2-3EE4-E452-9C575BFF5412" value="true"/>
</engineerTo>
<adequatelyNormalized>NO</adequatelyNormalized>
<expectedVolumes>0</expectedVolumes>
<fwdEngineeringStrategyName>Single Table</fwdEngineeringStrategyName>
<growthPercent>0</growthPercent>
<growthType>Year</growthType>
<maxVolumes>9999999</maxVolumes>
<minVolumes>0</minVolumes>
<normalForm>Third</normalForm>
<attributes itemClass="oracle.dbtools.crest.model.design.logical.Attribute">
<Attribute name="codigo_comuna" id="115C9E46-44BB-F525-408D-6354B4380959">
<createdBy>Carlos</createdBy>
<createdTime>2024-09-23 23:43:57 UTC</createdTime>
<ownerDesignName>MuniValdivia</ownerDesignName>
<engineerTo>
<item key="BBC663D7-6BE2-3EE4-E452-9C575BFF5412" value="true"/>
</engineerTo>
<useDomainConstraints>false</useDomainConstraints>
<use>1</use>
<logicalDatatype>LOGDT019</logicalDatatype>
<ownDataTypeParameters>,,</ownDataTypeParameters>
</Attribute>
<Attribute name="nombre_comuna" id="2669ED8C-65BB-8055-35EC-67349B9B9800">
<createdBy>Carlos</createdBy>
<createdTime>2024-09-23 23:43:58 UTC</createdTime>
<ownerDesignName>MuniValdivia</ownerDesignName>
<engineerTo>
<item key="BBC663D7-6BE2-3EE4-E452-9C575BFF5412" value="true"/>
</engineerTo>
<useDomainConstraints>false</useDomainConstraints>
<use>1</use>
<logicalDatatype>LOGDT024</logicalDatatype>
<dataTypeSize>50</dataTypeSize>
<ownDataTypeParameters>50,,</ownDataTypeParameters>
</Attribute>
<Attribute name="id_ciudad" id="6556AD62-B7E1-DF88-7803-47D332DF3947">
<createdBy>Carlos</createdBy>
<createdTime>2024-09-23 23:52:58 UTC</createdTime>
<generatorID>68364D13-6304-101B-3B44-B3CF575AD6FD</generatorID>
<ownerDesignName>MuniValdivia</ownerDesignName>
<engineerTo>
<item key="BBC663D7-6BE2-3EE4-E452-9C575BFF5412" value="true"/>
</engineerTo>
<referedAttribute>945FDA5C-4017-7C43-ECFA-21853A30ACE3</referedAttribute>
<useDomainConstraints>false</useDomainConstraints>
<use>1</use>
<logicalDatatype>LOGDT019</logicalDatatype>
<ownDataTypeParameters>,,</ownDataTypeParameters>
</Attribute>
</attributes>
<identifiers itemClass="oracle.dbtools.crest.model.design.logical.CandidateKey">
<identifier id="577731DC-4E15-B4E6-E48F-A36C95ED6127" name="COMUNA PK">
<createdBy>Carlos</createdBy>
<createdTime>2024-09-23 23:44:05 UTC</createdTime>
<ownerDesignName>MuniValdivia</ownerDesignName>
<engineerTo>
<item key="BBC663D7-6BE2-3EE4-E452-9C575BFF5412" value="true"/>
</engineerTo>
<pk>true</pk>
<usedAttributes>
<attributeRef>115C9E46-44BB-F525-408D-6354B4380959</attributeRef>
</usedAttributes>
</identifier>
</identifiers>
</Entity>