<?xml version = '1.0' encoding = 'UTF-8'?>
<Entity class="oracle.dbtools.crest.model.design.logical.Entity" directorySegmentName="seg_0" id="ACFA6417-1FEE-FED9-1C91-554A7AF824D5" name="EMPLEADO">
<createdBy>Carlos</createdBy>
<createdTime>2024-09-23 23:39:07 UTC</createdTime>
<ownerDesignName>MuniValdivia</ownerDesignName>
<engineerTo>
<item key="BBC663D7-6BE2-3EE4-E452-9C575BFF5412" value="true"/>
</engineerTo>
<adequatelyNormalized>NO</adequatelyNormalized>
<expectedVolumes>0</expectedVolumes>
<fwdEngineeringStrategyName>Single Table</fwdEngineeringStrategyName>
<growthPercent>0</growthPercent>
<growthType>Year</growthType>
<maxVolumes>9999999</maxVolumes>
<minVolumes>0</minVolumes>
<normalForm>Third</normalForm>
<attributes itemClass="oracle.dbtools.crest.model.design.logical.Attribute">
<Attribute name="id_E" id="5FCD2401-1BBC-C3D1-6FCF-0B0D7F7429AA">
<createdBy>Carlos</createdBy>
<createdTime>2024-09-23 23:41:14 UTC</createdTime>
<ownerDesignName>MuniValdivia</ownerDesignName>
<engineerTo>
<item key="BBC663D7-6BE2-3EE4-E452-9C575BFF5412" value="true"/>
</engineerTo>
<useDomainConstraints>false</useDomainConstraints>
<use>1</use>
<logicalDatatype>LOGDT019</logicalDatatype>
<ownDataTypeParameters>,,</ownDataTypeParameters>
</Attribute>
<Attribute name="rut_E" id="38569253-F8D5-9DAE-B6C1-7CA808A8C751">
<createdBy>Carlos</createdBy>
<createdTime>2024-09-23 23:41:15 UTC</createdTime>
<ownerDesignName>MuniValdivia</ownerDesignName>
<engineerTo>
<item key="BBC663D7-6BE2-3EE4-E452-9C575BFF5412" value="true"/>
</engineerTo>
<useDomainConstraints>false</useDomainConstraints>
<use>1</use>
<logicalDatatype>LOGDT024</logicalDatatype>
<dataTypeSize>10</dataTypeSize>
<ownDataTypeParameters>10,,</ownDataTypeParameters>
</Attribute>
<Attribute name="nombre" id="6E5FF27A-98DD-91B5-1F59-55BFF0273286">
<createdBy>Carlos</createdBy>
<createdTime>2024-09-23 23:41:15 UTC</createdTime>
<ownerDesignName>MuniValdivia</ownerDesignName>
<engineerTo>
<item key="BBC663D7-6BE2-3EE4-E452-9C575BFF5412" value="true"/>
</engineerTo>
<useDomainConstraints>false</useDomainConstraints>
<use>1</use>
<logicalDatatype>LOGDT024</logicalDatatype>
<dataTypeSize>50</dataTypeSize>
<ownDataTypeParameters>50,,</ownDataTypeParameters>
</Attribute>
<Attribute name="telefono" id="C5E56148-978D-599B-224E-AA9E08C5DB44">
<createdBy>Carlos</createdBy>
<createdTime>2024-09-23 23:41:15 UTC</createdTime>
<ownerDesignName>MuniValdivia</ownerDesignName>
<engineerTo>
<item key="BBC663D7-6BE2-3EE4-E452-9C575BFF5412" value="true"/>
</engineerTo>
<nullsAllowed>true</nullsAllowed>
<useDomainConstraints>false</useDomainConstraints>
<use>1</use>
<logicalDatatype>LOGDT019</logicalDatatype>
<ownDataTypeParameters>,,</ownDataTypeParameters>
</Attribute>
<Attribute name="sueldo" id="F9E66A0A-5AA1-6F03-1CE9-711CC0DEF578">
<createdBy>Carlos</createdBy>
<createdTime>2024-09-23 23:41:15 UTC</createdTime>
<ownerDesignName>MuniValdivia</ownerDesignName>
<engineerTo>
<item key="BBC663D7-6BE2-3EE4-E452-9C575BFF5412" value="true"/>
</engineerTo>
<nullsAllowed>true</nullsAllowed>
<useDomainConstraints>false</useDomainConstraints>
<use>1</use>
<logicalDatatype>LOGDT019</logicalDatatype>
<ownDataTypeParameters>,,</ownDataTypeParameters>
</Attribute>
<Attribute name="codigo_comuna" id="3F325B8E-7666-D92A-AD9D-4588297D3117">
<createdBy>Carlos</createdBy>
<createdTime>2024-09-23 23:50:45 UTC</createdTime>
<generatorID>004CAEC4-EFA7-71E5-BE51-C734E9913E11</generatorID>
<ownerDesignName>MuniValdivia</ownerDesignName>
<engineerTo>
<item key="BBC663D7-6BE2-3EE4-E452-9C575BFF5412" value="true"/>
</engineerTo>
<referedAttribute>115C9E46-44BB-F525-408D-6354B4380959</referedAttribute>
<useDomainConstraints>false</useDomainConstraints>
<use>1</use>
<logicalDatatype>LOGDT019</logicalDatatype>
<ownDataTypeParameters>,,</ownDataTypeParameters>
</Attribute>
</attributes>
<identifiers itemClass="oracle.dbtools.crest.model.design.logical.CandidateKey">
<identifier id="9689F423-5977-BD71-B3BE-4DC072593524" name="EMPLEADO PK">
<createdBy>Carlos</createdBy>
<createdTime>2024-09-23 23:41:19 UTC</createdTime>
<ownerDesignName>MuniValdivia</ownerDesignName>
<engineerTo>
<item key="BBC663D7-6BE2-3EE4-E452-9C575BFF5412" value="true"/>
</engineerTo>
<pk>true</pk>
<usedAttributes>
<attributeRef>5FCD2401-1BBC-C3D1-6FCF-0B0D7F7429AA</attributeRef>
<attributeRef>3F325B8E-7666-D92A-AD9D-4588297D3117</attributeRef>
</usedAttributes>
</identifier>
</identifiers>
</Entity>