<?xml version = '1.0' encoding = 'UTF-8'?>
<relationalModel class="oracle.dbtools.crest.model.design.relational.RelationalDesign" name="Relational_1" id="FB7CA85C-1032-BEC9-A3A9-90D13CC06BB3" mainViewID="21214E2A-FA33-2464-60FD-F85EF805FC7D">
<createdBy>Carlos</createdBy>
<createdTime>2024-09-23 23:54:57 UTC</createdTime>
<ownerDesignName>MuniValdivia</ownerDesignName>
<shouldBeOpen>false</shouldBeOpen>
<selectedRDBMSSite>32076570-2523-435C-2E92-BF29817DFF70</selectedRDBMSSite>
</relationalModel>